预测id,名称,预测时间,考核点2预测结果
SYNTHETIC_DEMO,示例风电场（合成数据）,2025-12-31T23:45:00,17.0
SYNTHETIC_DEMO,示例风电场（合成数据）,2026-01-01T00:00:00,17.3924
SYNTHETIC_DEMO,示例风电场（合成数据）,2026-01-01T00:15:00,17.7832
SYNTHETIC_DEMO,示例风电场（合成数据）,2026-01-01T00:30:00,18.1705
SYNTHETIC_DEMO,示例风电场（合成数据）,2026-01-01T00:45:00,18.5529
SYNTHETIC_DEMO,示例风电场（合成数据）,2026-01-01T01:00:00,18.9286
SYNTHETIC_DEMO,示例风电场（合成数据）,2026-01-01T01:15:00,19.2961
SYNTHETIC_DEMO,示例风电场（合成数据）,2026-01-01T01:30:00,19.6537
SYNTHETIC_DEMO,示例风电场（合成数据）,2026-01-01T01:45:00,0.3
SYNTHETIC_DEMO,示例风电场（合成数据）,2026-01-01T02:00:00,0.3
SYNTHETIC_DEMO,示例风电场（合成数据）,2026-01-01T02:15:00,0.3
SYNTHETIC_DEMO,示例风电场（合成数据）,2026-01-01T02:30:00,0.3
SYNTHETIC_DEMO,示例风电场（合成数据）,2026-01-01T02:45:00,0.3
SYNTHETIC_DEMO,示例风电场（合成数据）,2026-01-01T03:00:00,0.3
SYNTHETIC_DEMO,示例风电场（合成数据）,2026-01-01T03:15:00,0.3
SYNTHETIC_DEMO,示例风电场（合成数据）,2026-01-01T03:30:00,0.3
SYNTHETIC_DEMO,示例风电场（合成数据）,2026-01-01T03:45:00,22.1962
SYNTHETIC_DEMO,示例风电场（合成数据）,2026-01-01T04:00:00,22.3812
SYNTHETIC_DEMO,示例风电场（合成数据）,2026-01-01T04:15:00,22.5433
SYNTHETIC_DEMO,示例风电场（合成数据）,2026-01-01T04:30:00,22.6816
SYNTHETIC_DEMO,示例风电场（合成数据）,2026-01-01T04:45:00,22.7956
SYNTHETIC_DEMO,示例风电场（合成数据）,2026-01-01T05:00:00,22.8847
SYNTHETIC_DEMO,示例风电场（合成数据）,2026-01-01T05:15:00,22.9487
SYNTHETIC_DEMO,示例风电场（合成数据）,2026-01-01T05:30:00,22.9872
SYNTHETIC_DEMO,示例风电场（合成数据）,2026-01-01T05:45:00,23.0
SYNTHETIC_DEMO,示例风电场（合成数据）,2026-01-01T06:00:00,22.9872
SYNTHETIC_DEMO,示例风电场（合成数据）,2026-01-01T06:15:00,22.9487
SYNTHETIC_DEMO,示例风电场（合成数据）,2026-01-01T06:30:00,22.8847
SYNTHETIC_DEMO,示例风电场（合成数据）,2026-01-01T06:45:00,22.7956
SYNTHETIC_DEMO,示例风电场（合成数据）,2026-01-01T07:00:00,22.6816
SYNTHETIC_DEMO,示例风电场（合成数据）,2026-01-01T07:15:00,22.5433
SYNTHETIC_DEMO,示例风电场（合成数据）,2026-01-01T07:30:00,22.3812
SYNTHETIC_DEMO,示例风电场（合成数据）,2026-01-01T07:45:00,22.1962
SYNTHETIC_DEMO,示例风电场（合成数据）,2026-01-01T08:00:00,21.9888
SYNTHETIC_DEMO,示例风电场（合成数据）,2026-01-01T08:15:00,21.7601
SYNTHETIC_DEMO,示例风电场（合成数据）,2026-01-01T08:30:00,21.511
SYNTHETIC_DEMO,示例风电场（合成数据）,2026-01-01T08:45:00,21.2426
SYNTHETIC_DEMO,示例风电场（合成数据）,2026-01-01T09:00:00,20.9561
SYNTHETIC_DEMO,示例风电场（合成数据）,2026-01-01T09:15:00,20.6526
SYNTHETIC_DEMO,示例风电场（合成数据）,2026-01-01T09:30:00,20.3334
SYNTHETIC_DEMO,示例风电场（合成数据）,2026-01-01T09:45:00,20.0
SYNTHETIC_DEMO,示例风电场（合成数据）,2026-01-01T10:00:00,19.6537
SYNTHETIC_DEMO,示例风电场（合成数据）,2026-01-01T10:45:00,18.5529
SYNTHETIC_DEMO,示例风电场（合成数据）,2026-01-01T11:00:00,18.1705
SYNTHETIC_DEMO,示例风电场（合成数据）,2026-01-01T11:15:00,17.7832
SYNTHETIC_DEMO,示例风电场（合成数据）,2026-01-01T11:30:00,17.3924
SYNTHETIC_DEMO,示例风电场（合成数据）,2026-01-01T11:45:00,17.0
SYNTHETIC_DEMO,示例风电场（合成数据）,2026-01-01T12:00:00,16.6076
SYNTHETIC_DEMO,示例风电场（合成数据）,2026-01-01T12:15:00,16.2168
SYNTHETIC_DEMO,示例风电场（合成数据）,2026-01-01T12:30:00,15.8295
SYNTHETIC_DEMO,示例风电场（合成数据）,2026-01-01T12:45:00,15.4471
SYNTHETIC_DEMO,示例风电场（合成数据）,2026-01-01T13:00:00,15.0714
SYNTHETIC_DEMO,示例风电场（合成数据）,2026-01-01T13:15:00,14.7039
SYNTHETIC_DEMO,示例风电场（合成数据）,2026-01-01T13:30:00,14.3463
SYNTHETIC_DEMO,示例风电场（合成数据）,2026-01-01T13:45:00,14.0
SYNTHETIC_DEMO,示例风电场（合成数据）,2026-01-01T14:00:00,13.6666
SYNTHETIC_DEMO,示例风电场（合成数据）,2026-01-01T14:15:00,13.3474
SYNTHETIC_DEMO,示例风电场（合成数据）,2026-01-01T14:30:00,13.0439
SYNTHETIC_DEMO,示例风电场（合成数据）,2026-01-01T14:45:00,12.7574
SYNTHETIC_DEMO,示例风电场（合成数据）,2026-01-01T15:00:00,12.489
SYNTHETIC_DEMO,示例风电场（合成数据）,2026-01-01T15:15:00,12.2399
SYNTHETIC_DEMO,示例风电场（合成数据）,2026-01-01T15:30:00,12.0112
SYNTHETIC_DEMO,示例风电场（合成数据）,2026-01-01T15:45:00,11.8038
SYNTHETIC_DEMO,示例风电场（合成数据）,2026-01-01T16:00:00,11.6188
SYNTHETIC_DEMO,示例风电场（合成数据）,2026-01-01T16:15:00,11.4567
SYNTHETIC_DEMO,示例风电场（合成数据）,2026-01-01T16:30:00,11.3184
SYNTHETIC_DEMO,示例风电场（合成数据）,2026-01-01T16:45:00,11.2044
SYNTHETIC_DEMO,示例风电场（合成数据）,2026-01-01T17:00:00,11.1153
SYNTHETIC_DEMO,示例风电场（合成数据）,2026-01-01T17:15:00,11.0513
SYNTHETIC_DEMO,示例风电场（合成数据）,2026-01-01T17:30:00,11.0128
SYNTHETIC_DEMO,示例风电场（合成数据）,2026-01-01T17:45:00,11.0
SYNTHETIC_DEMO,示例风电场（合成数据）,2026-01-01T18:00:00,11.0128
SYNTHETIC_DEMO,示例风电场（合成数据）,2026-01-01T18:15:00,11.0513
SYNTHETIC_DEMO,示例风电场（合成数据）,2026-01-01T18:30:00,11.1153
SYNTHETIC_DEMO,示例风电场（合成数据）,2026-01-01T18:45:00,11.2044
SYNTHETIC_DEMO,示例风电场（合成数据）,2026-01-01T19:00:00,11.3184
SYNTHETIC_DEMO,示例风电场（合成数据）,2026-01-01T19:15:00,11.4567
SYNTHETIC_DEMO,示例风电场（合成数据）,2026-01-01T19:30:00,11.6188
SYNTHETIC_DEMO,示例风电场（合成数据）,2026-01-01T19:45:00,11.8038
SYNTHETIC_DEMO,示例风电场（合成数据）,2026-01-01T20:00:00,12.0112
SYNTHETIC_DEMO,示例风电场（合成数据）,2026-01-01T20:15:00,12.2399
SYNTHETIC_DEMO,示例风电场（合成数据）,2026-01-01T20:30:00,12.489
SYNTHETIC_DEMO,示例风电场（合成数据）,2026-01-01T20:45:00,12.7574
SYNTHETIC_DEMO,示例风电场（合成数据）,2026-01-01T21:00:00,13.0439
SYNTHETIC_DEMO,示例风电场（合成数据）,2026-01-01T21:15:00,13.3474
SYNTHETIC_DEMO,示例风电场（合成数据）,2026-01-01T21:30:00,13.6666
SYNTHETIC_DEMO,示例风电场（合成数据）,2026-01-01T21:45:00,14.0
SYNTHETIC_DEMO,示例风电场（合成数据）,2026-01-01T22:00:00,14.3463
SYNTHETIC_DEMO,示例风电场（合成数据）,2026-01-01T22:15:00,14.7039
SYNTHETIC_DEMO,示例风电场（合成数据）,2026-01-01T22:30:00,15.0714
SYNTHETIC_DEMO,示例风电场（合成数据）,2026-01-01T22:45:00,15.4471
SYNTHETIC_DEMO,示例风电场（合成数据）,2026-01-01T23:00:00,15.8295
SYNTHETIC_DEMO,示例风电场（合成数据）,2026-01-01T23:15:00,16.2168
SYNTHETIC_DEMO,示例风电场（合成数据）,2026-01-01T23:30:00,16.6076
SYNTHETIC_DEMO,示例风电场（合成数据）,2026-01-01T23:45:00,17.0
SYNTHETIC_DEMO,示例风电场（合成数据）,2026-01-02T00:00:00,17.3924
SYNTHETIC_DEMO,示例风电场（合成数据）,2026-01-02T00:15:00,17.7832
SYNTHETIC_DEMO,示例风电场（合成数据）,2026-01-02T00:30:00,18.1705
SYNTHETIC_DEMO,示例风电场（合成数据）,2026-01-02T00:45:00,18.5529
SYNTHETIC_DEMO,示例风电场（合成数据）,2026-01-02T01:00:00,18.9286
SYNTHETIC_DEMO,示例风电场（合成数据）,2026-01-02T01:15:00,19.2961
SYNTHETIC_DEMO,示例风电场（合成数据）,2026-01-02T01:30:00,19.6537
SYNTHETIC_DEMO,示例风电场（合成数据）,2026-01-02T01:45:00,0.3
SYNTHETIC_DEMO,示例风电场（合成数据）,2026-01-02T02:00:00,0.3
SYNTHETIC_DEMO,示例风电场（合成数据）,2026-01-02T02:15:00,0.3
SYNTHETIC_DEMO,示例风电场（合成数据）,2026-01-02T02:30:00,0.3
SYNTHETIC_DEMO,示例风电场（合成数据）,2026-01-02T02:45:00,0.3
SYNTHETIC_DEMO,示例风电场（合成数据）,2026-01-02T03:00:00,0.3
SYNTHETIC_DEMO,示例风电场（合成数据）,2026-01-02T03:15:00,0.3
SYNTHETIC_DEMO,示例风电场（合成数据）,2026-01-02T03:30:00,0.3
SYNTHETIC_DEMO,示例风电场（合成数据）,2026-01-02T03:45:00,22.1962
SYNTHETIC_DEMO,示例风电场（合成数据）,2026-01-02T04:00:00,22.3812
SYNTHETIC_DEMO,示例风电场（合成数据）,2026-01-02T04:15:00,22.5433
SYNTHETIC_DEMO,示例风电场（合成数据）,2026-01-02T04:30:00,22.6816
SYNTHETIC_DEMO,示例风电场（合成数据）,2026-01-02T04:45:00,22.7956
SYNTHETIC_DEMO,示例风电场（合成数据）,2026-01-02T05:00:00,22.8847
SYNTHETIC_DEMO,示例风电场（合成数据）,2026-01-02T05:15:00,22.9487
SYNTHETIC_DEMO,示例风电场（合成数据）,2026-01-02T05:30:00,22.9872
SYNTHETIC_DEMO,示例风电场（合成数据）,2026-01-02T05:45:00,23.0
SYNTHETIC_DEMO,示例风电场（合成数据）,2026-01-02T06:00:00,22.9872
SYNTHETIC_DEMO,示例风电场（合成数据）,2026-01-02T06:15:00,22.9487
SYNTHETIC_DEMO,示例风电场（合成数据）,2026-01-02T06:30:00,22.8847
SYNTHETIC_DEMO,示例风电场（合成数据）,2026-01-02T06:45:00,22.7956
SYNTHETIC_DEMO,示例风电场（合成数据）,2026-01-02T07:00:00,22.6816
SYNTHETIC_DEMO,示例风电场（合成数据）,2026-01-02T07:15:00,22.5433
SYNTHETIC_DEMO,示例风电场（合成数据）,2026-01-02T07:30:00,22.3812
SYNTHETIC_DEMO,示例风电场（合成数据）,2026-01-02T07:45:00,22.1962
SYNTHETIC_DEMO,示例风电场（合成数据）,2026-01-02T08:00:00,21.9888
SYNTHETIC_DEMO,示例风电场（合成数据）,2026-01-02T08:15:00,21.7601
SYNTHETIC_DEMO,示例风电场（合成数据）,2026-01-02T08:30:00,21.511
SYNTHETIC_DEMO,示例风电场（合成数据）,2026-01-02T08:45:00,21.2426
SYNTHETIC_DEMO,示例风电场（合成数据）,2026-01-02T09:00:00,20.9561
SYNTHETIC_DEMO,示例风电场（合成数据）,2026-01-02T09:15:00,20.6526
SYNTHETIC_DEMO,示例风电场（合成数据）,2026-01-02T09:30:00,20.3334
SYNTHETIC_DEMO,示例风电场（合成数据）,2026-01-02T09:45:00,20.0
SYNTHETIC_DEMO,示例风电场（合成数据）,2026-01-02T10:00:00,19.6537
SYNTHETIC_DEMO,示例风电场（合成数据）,2026-01-02T10:15:00,19.2961
SYNTHETIC_DEMO,示例风电场（合成数据）,2026-01-02T10:30:00,18.9286
SYNTHETIC_DEMO,示例风电场（合成数据）,2026-01-02T10:45:00,18.5529
SYNTHETIC_DEMO,示例风电场（合成数据）,2026-01-02T11:00:00,18.1705
SYNTHETIC_DEMO,示例风电场（合成数据）,2026-01-02T11:15:00,17.7832
SYNTHETIC_DEMO,示例风电场（合成数据）,2026-01-02T11:30:00,17.3924
SYNTHETIC_DEMO,示例风电场（合成数据）,2026-01-02T11:45:00,17.0
SYNTHETIC_DEMO,示例风电场（合成数据）,2026-01-02T12:00:00,16.6076
SYNTHETIC_DEMO,示例风电场（合成数据）,2026-01-02T12:15:00,16.2168
SYNTHETIC_DEMO,示例风电场（合成数据）,2026-01-02T12:30:00,15.8295
SYNTHETIC_DEMO,示例风电场（合成数据）,2026-01-02T12:45:00,15.4471
SYNTHETIC_DEMO,示例风电场（合成数据）,2026-01-02T13:00:00,15.0714
SYNTHETIC_DEMO,示例风电场（合成数据）,2026-01-02T13:15:00,14.7039
SYNTHETIC_DEMO,示例风电场（合成数据）,2026-01-02T13:30:00,14.3463
SYNTHETIC_DEMO,示例风电场（合成数据）,2026-01-02T13:45:00,14.0
SYNTHETIC_DEMO,示例风电场（合成数据）,2026-01-02T14:00:00,13.6666
SYNTHETIC_DEMO,示例风电场（合成数据）,2026-01-02T14:15:00,13.3474
SYNTHETIC_DEMO,示例风电场（合成数据）,2026-01-02T14:30:00,13.0439
SYNTHETIC_DEMO,示例风电场（合成数据）,2026-01-02T14:45:00,12.7574
SYNTHETIC_DEMO,示例风电场（合成数据）,2026-01-02T15:00:00,12.489
SYNTHETIC_DEMO,示例风电场（合成数据）,2026-01-02T15:15:00,12.2399
SYNTHETIC_DEMO,示例风电场（合成数据）,2026-01-02T15:30:00,12.0112
SYNTHETIC_DEMO,示例风电场（合成数据）,2026-01-02T15:45:00,11.8038
SYNTHETIC_DEMO,示例风电场（合成数据）,2026-01-02T16:00:00,11.6188
SYNTHETIC_DEMO,示例风电场（合成数据）,2026-01-02T16:15:00,11.4567
SYNTHETIC_DEMO,示例风电场（合成数据）,2026-01-02T16:30:00,11.3184
SYNTHETIC_DEMO,示例风电场（合成数据）,2026-01-02T16:45:00,11.2044
SYNTHETIC_DEMO,示例风电场（合成数据）,2026-01-02T17:00:00,11.1153
SYNTHETIC_DEMO,示例风电场（合成数据）,2026-01-02T17:15:00,11.0513
SYNTHETIC_DEMO,示例风电场（合成数据）,2026-01-02T17:30:00,11.0128
SYNTHETIC_DEMO,示例风电场（合成数据）,2026-01-02T17:45:00,11.0
SYNTHETIC_DEMO,示例风电场（合成数据）,2026-01-02T18:00:00,11.0128
SYNTHETIC_DEMO,示例风电场（合成数据）,2026-01-02T18:15:00,11.0513
SYNTHETIC_DEMO,示例风电场（合成数据）,2026-01-02T18:30:00,11.1153
SYNTHETIC_DEMO,示例风电场（合成数据）,2026-01-02T18:45:00,11.2044
SYNTHETIC_DEMO,示例风电场（合成数据）,2026-01-02T19:00:00,11.3184
SYNTHETIC_DEMO,示例风电场（合成数据）,2026-01-02T19:15:00,11.4567
SYNTHETIC_DEMO,示例风电场（合成数据）,2026-01-02T19:30:00,11.6188
SYNTHETIC_DEMO,示例风电场（合成数据）,2026-01-02T19:45:00,11.8038
SYNTHETIC_DEMO,示例风电场（合成数据）,2026-01-02T20:00:00,12.0112
SYNTHETIC_DEMO,示例风电场（合成数据）,2026-01-02T20:15:00,12.2399
SYNTHETIC_DEMO,示例风电场（合成数据）,2026-01-02T20:30:00,12.489
SYNTHETIC_DEMO,示例风电场（合成数据）,2026-01-02T20:45:00,12.7574
SYNTHETIC_DEMO,示例风电场（合成数据）,2026-01-02T21:00:00,13.0439
SYNTHETIC_DEMO,示例风电场（合成数据）,2026-01-02T21:15:00,13.3474
SYNTHETIC_DEMO,示例风电场（合成数据）,2026-01-02T21:30:00,13.6666
SYNTHETIC_DEMO,示例风电场（合成数据）,2026-01-02T21:45:00,14.0
SYNTHETIC_DEMO,示例风电场（合成数据）,2026-01-02T22:00:00,14.3463
SYNTHETIC_DEMO,示例风电场（合成数据）,2026-01-02T22:15:00,14.7039
SYNTHETIC_DEMO,示例风电场（合成数据）,2026-01-02T22:30:00,15.0714
SYNTHETIC_DEMO,示例风电场（合成数据）,2026-01-02T22:45:00,15.4471
SYNTHETIC_DEMO,示例风电场（合成数据）,2026-01-02T23:00:00,15.8295
SYNTHETIC_DEMO,示例风电场（合成数据）,2026-01-02T23:15:00,16.2168
SYNTHETIC_DEMO,示例风电场（合成数据）,2026-01-02T23:30:00,16.6076
SYNTHETIC_DEMO,示例风电场（合成数据）,2026-01-02T23:45:00,17.0
